date,hour,region,day_index
2024-01-01,0,2,0
2024-01-01,1,3,0
2024-01-01,2,3,0
2024-01-01,3,3,0
2024-01-01,4,3,0
2024-01-01,5,3,0
2024-01-01,6,3,0
2024-01-01,7,3,0
2024-01-01,8,3,0
2024-01-01,9,1,0
2024-01-01,10,1,0
2024-01-01,11,1,0
2024-01-01,12,1,0
2024-01-01,13,1,0
2024-01-01,14,1,0
2024-01-01,15,1,0
2024-01-01,16,1,0
2024-01-01,17,1,0
2024-01-01,18,1,0
2024-01-01,19,1,0
2024-01-01,20,2,0
2024-01-01,21,2,0
2024-01-01,22,2,0
2024-01-01,23,2,0
2024-01-02,0,2,1
2024-01-02,1,3,1
2024-01-02,2,3,1
2024-01-02,3,3,1
2024-01-02,4,3,1
2024-01-02,5,3,1
2024-01-02,6,3,1
2024-01-02,7,3,1
2024-01-02,8,3,1
2024-01-02,9,1,1
2024-01-02,10,1,1
2024-01-02,11,1,1
2024-01-02,12,1,1
2024-01-02,13,1,1
2024-01-02,14,1,1
2024-01-02,15,1,1
2024-01-02,16,1,1
2024-01-02,17,1,1
2024-01-02,18,1,1
2024-01-02,19,1,1
2024-01-02,20,2,1
2024-01-02,21,2,1
2024-01-02,22,2,1
2024-01-02,23,2,1
2024-01-03,0,2,2
2024-01-03,1,3,2
2024-01-03,2,3,2
2024-01-03,3,3,2
2024-01-03,4,3,2
2024-01-03,5,3,2
2024-01-03,6,3,2
2024-01-03,7,3,2
2024-01-03,8,3,2
2024-01-03,9,1,2
2024-01-03,10,1,2
2024-01-03,11,1,2
2024-01-03,12,1,2
2024-01-03,13,1,2
2024-01-03,14,1,2
2024-01-03,15,1,2
2024-01-03,16,1,2
2024-01-03,17,1,2
2024-01-03,18,1,2
2024-01-03,19,1,2
2024-01-03,20,2,2
2024-01-03,21,2,2
2024-01-03,22,2,2
2024-01-03,23,2,2
2024-01-04,0,2,3
2024-01-04,1,3,3
2024-01-04,2,3,3
2024-01-04,3,3,3
2024-01-04,4,3,3
2024-01-04,5,3,3
2024-01-04,6,3,3
2024-01-04,7,3,3
2024-01-04,8,3,3
2024-01-04,9,1,3
2024-01-04,10,1,3
2024-01-04,11,1,3
2024-01-04,12,1,3
2024-01-04,13,1,3
2024-01-04,14,1,3
2024-01-04,15,1,3
2024-01-04,16,1,3
2024-01-04,17,1,3
2024-01-04,18,1,3
2024-01-04,19,1,3
2024-01-04,20,2,3
2024-01-04,21,2,3
2024-01-04,22,2,3
2024-01-04,23,2,3
2024-01-05,0,2,4
2024-01-05,1,3,4
2024-01-05,2,3,4
2024-01-05,3,3,4
2024-01-05,4,3,4
2024-01-05,5,3,4
2024-01-05,6,3,4
2024-01-05,7,3,4
2024-01-05,8,3,4
2024-01-05,9,1,4
2024-01-05,10,1,4
2024-01-05,11,1,4
2024-01-05,12,1,4
2024-01-05,13,1,4
2024-01-05,14,1,4
2024-01-05,15,1,4
2024-01-05,16,1,4
2024-01-05,17,1,4
2024-01-05,18,1,4
2024-01-05,19,1,4
2024-01-05,20,2,4
2024-01-05,21,2,4
2024-01-05,22,2,4
2024-01-05,23,2,4
2024-01-06,0,2,5
2024-01-06,1,3,5
2024-01-06,2,3,5
2024-01-06,3,3,5
2024-01-06,4,3,5
2024-01-06,5,3,5
2024-01-06,6,3,5
2024-01-06,7,3,5
2024-01-06,8,3,5
2024-01-06,9,1,5
2024-01-06,10,1,5
2024-01-06,11,1,5
2024-01-06,12,1,5
2024-01-06,13,1,5
2024-01-06,14,1,5
2024-01-06,15,1,5
2024-01-06,16,1,5
2024-01-06,17,1,5
2024-01-06,18,1,5
2024-01-06,19,1,5
2024-01-06,20,2,5
2024-01-06,21,2,5
2024-01-06,22,2,5
2024-01-06,23,2,5
2024-01-07,0,2,6
2024-01-07,1,3,6
2024-01-07,2,3,6
2024-01-07,3,3,6
2024-01-07,4,3,6
2024-01-07,5,3,6
2024-01-07,6,3,6
2024-01-07,7,3,6
2024-01-07,8,3,6
2024-01-07,9,1,6
2024-01-07,10,1,6
2024-01-07,11,1,6
2024-01-07,12,1,6
2024-01-07,13,1,6
2024-01-07,14,1,6
2024-01-07,15,1,6
2024-01-07,16,1,6
2024-01-07,17,1,6
2024-01-07,18,1,6
2024-01-07,19,1,6
2024-01-07,20,2,6
2024-01-07,21,2,6
2024-01-07,22,2,6
2024-01-07,23,2,6
2024-01-08,0,2,7
2024-01-08,1,3,7
2024-01-08,2,3,7
2024-01-08,3,3,7
2024-01-08,4,3,7
2024-01-08,5,3,7
2024-01-08,6,3,7
2024-01-08,7,3,7
2024-01-08,8,3,7
2024-01-08,9,1,7
2024-01-08,10,1,7
2024-01-08,11,1,7
2024-01-08,12,1,7
2024-01-08,13,1,7
2024-01-08,14,1,7
2024-01-08,15,1,7
2024-01-08,16,1,7
2024-01-08,17,1,7
2024-01-08,18,1,7
2024-01-08,19,1,7
2024-01-08,20,2,7
2024-01-08,21,2,7
2024-01-08,22,2,7
2024-01-08,23,2,7
2024-01-09,0,2,8
2024-01-09,1,3,8
2024-01-09,2,3,8
2024-01-09,3,3,8
2024-01-09,4,3,8
2024-01-09,5,3,8
2024-01-09,6,3,8
2024-01-09,7,3,8
2024-01-09,8,3,8
2024-01-09,9,1,8
2024-01-09,10,1,8
2024-01-09,11,1,8
2024-01-09,12,1,8
2024-01-09,13,1,8
2024-01-09,14,1,8
2024-01-09,15,1,8
2024-01-09,16,1,8
2024-01-09,17,1,8
2024-01-09,18,1,8
2024-01-09,19,1,8
2024-01-09,20,2,8
2024-01-09,21,2,8
2024-01-09,22,2,8
2024-01-09,23,2,8
2024-01-10,0,2,9
2024-01-10,1,3,9
2024-01-10,2,3,9
2024-01-10,3,3,9
2024-01-10,4,3,9
2024-01-10,5,3,9
2024-01-10,6,3,9
2024-01-10,7,3,9
2024-01-10,8,3,9
2024-01-10,9,1,9
2024-01-10,10,1,9
2024-01-10,11,1,9
2024-01-10,12,1,9
2024-01-10,13,1,9
2024-01-10,14,1,9
2024-01-10,15,1,9
2024-01-10,16,1,9
2024-01-10,17,1,9
2024-01-10,18,1,9
2024-01-10,19,1,9
2024-01-10,20,2,9
2024-01-10,21,2,9
2024-01-10,22,2,9
2024-01-10,23,2,9
2024-01-11,0,2,10
2024-01-11,1,3,10
2024-01-11,2,3,10
2024-01-11,3,3,10
2024-01-11,4,3,10
2024-01-11,5,3,10
2024-01-11,6,3,10
2024-01-11,7,3,10
2024-01-11,8,3,10
2024-01-11,9,1,10
2024-01-11,10,1,10
2024-01-11,11,1,10
2024-01-11,12,1,10
2024-01-11,13,1,10
2024-01-11,14,1,10
2024-01-11,15,1,10
2024-01-11,16,1,10
2024-01-11,17,1,10
2024-01-11,18,1,10
2024-01-11,19,1,10
2024-01-11,20,2,10
2024-01-11,21,2,10
2024-01-11,22,2,10
2024-01-11,23,2,10
2024-01-12,0,2,11
2024-01-12,1,3,11
2024-01-12,2,3,11
2024-01-12,3,3,11
2024-01-12,4,3,11
2024-01-12,5,3,11
2024-01-12,6,3,11
2024-01-12,7,3,11
2024-01-12,8,3,11
2024-01-12,9,1,11
2024-01-12,10,1,11
2024-01-12,11,1,11
2024-01-12,12,1,11
2024-01-12,13,1,11
2024-01-12,14,1,11
2024-01-12,15,1,11
2024-01-12,16,1,11
2024-01-12,17,1,11
2024-01-12,18,1,11
2024-01-12,19,1,11
2024-01-12,20,2,11
2024-01-12,21,2,11
2024-01-12,22,2,11
2024-01-12,23,2,11
2024-01-13,0,2,12
2024-01-13,1,3,12
2024-01-13,2,3,12
2024-01-13,3,3,12
2024-01-13,4,3,12
2024-01-13,5,3,12
2024-01-13,6,3,12
2024-01-13,7,3,12
2024-01-13,8,3,12
2024-01-13,9,1,12
2024-01-13,10,1,12
2024-01-13,11,1,12
2024-01-13,12,1,12
2024-01-13,13,1,12
2024-01-13,14,1,12
2024-01-13,15,1,12
2024-01-13,16,1,12
2024-01-13,17,1,12
2024-01-13,18,1,12
2024-01-13,19,1,12
2024-01-13,20,2,12
2024-01-13,21,2,12
2024-01-13,22,2,12
2024-01-13,23,2,12
2024-01-14,0,2,13
2024-01-14,1,3,13
2024-01-14,2,3,13
2024-01-14,3,3,13
2024-01-14,4,3,13
2024-01-14,5,3,13
2024-01-14,6,3,13
2024-01-14,7,3,13
2024-01-14,8,3,13
2024-01-14,9,1,13
2024-01-14,10,1,13
2024-01-14,11,1,13
2024-01-14,12,1,13
2024-01-14,13,1,13
2024-01-14,14,1,13
2024-01-14,15,1,13
2024-01-14,16,1,13
2024-01-14,17,1,13
2024-01-14,18,1,13
2024-01-14,19,1,13
2024-01-14,20,2,13
2024-01-14,21,2,13
2024-01-14,22,2,13
2024-01-14,23,2,13
2024-01-15,0,2,14
2024-01-15,1,3,14
2024-01-15,2,3,14
2024-01-15,3,3,14
2024-01-15,4,3,14
2024-01-15,5,3,14
2024-01-15,6,3,14
2024-01-15,7,3,14
2024-01-15,8,3,14
2024-01-15,9,1,14
2024-01-15,10,1,14
2024-01-15,11,1,14
2024-01-15,12,1,14
2024-01-15,13,1,14
2024-01-15,14,1,14
2024-01-15,15,1,14
2024-01-15,16,1,14
2024-01-15,17,1,14
2024-01-15,18,1,14
2024-01-15,19,1,14
2024-01-15,20,2,14
2024-01-15,21,2,14
2024-01-15,22,2,14
2024-01-15,23,2,14
2024-01-16,0,2,15
2024-01-16,1,3,15
2024-01-16,2,3,15
2024-01-16,3,3,15
2024-01-16,4,3,15
2024-01-16,5,3,15
2024-01-16,6,3,15
2024-01-16,7,3,15
2024-01-16,8,3,15
2024-01-16,9,1,15
2024-01-16,10,1,15
2024-01-16,11,1,15
2024-01-16,12,1,15
2024-01-16,13,1,15
2024-01-16,14,1,15
2024-01-16,15,1,15
2024-01-16,16,1,15
2024-01-16,17,1,15
2024-01-16,18,1,15
2024-01-16,19,1,15
2024-01-16,20,2,15
2024-01-16,21,2,15
2024-01-16,22,2,15
2024-01-16,23,2,15
2024-01-17,0,2,16
2024-01-17,1,3,16
2024-01-17,2,3,16
2024-01-17,3,3,16
2024-01-17,4,3,16
2024-01-17,5,3,16
2024-01-17,6,3,16
2024-01-17,7,3,16
2024-01-17,8,3,16
2024-01-17,9,1,16
2024-01-17,10,1,16
2024-01-17,11,1,16
2024-01-17,12,1,16
2024-01-17,13,1,16
2024-01-17,14,1,16
2024-01-17,15,1,16
2024-01-17,16,1,16
2024-01-17,17,1,16
2024-01-17,18,1,16
2024-01-17,19,1,16
2024-01-17,20,2,16
2024-01-17,21,2,16
2024-01-17,22,2,16
2024-01-17,23,2,16
2024-01-18,0,2,17
2024-01-18,1,3,17
2024-01-18,2,3,17
2024-01-18,3,3,17
2024-01-18,4,3,17
2024-01-18,5,3,17
2024-01-18,6,3,17
2024-01-18,7,3,17
2024-01-18,8,3,17
2024-01-18,9,1,17
2024-01-18,10,1,17
2024-01-18,11,1,17
2024-01-18,12,1,17
2024-01-18,13,1,17
2024-01-18,14,1,17
2024-01-18,15,1,17
2024-01-18,16,1,17
2024-01-18,17,1,17
2024-01-18,18,1,17
2024-01-18,19,1,17
2024-01-18,20,2,17
2024-01-18,21,2,17
2024-01-18,22,2,17
2024-01-18,23,2,17
2024-01-19,0,2,18
2024-01-19,1,3,18
2024-01-19,2,3,18
2024-01-19,3,3,18
2024-01-19,4,3,18
2024-01-19,5,3,18
2024-01-19,6,3,18
2024-01-19,7,3,18
2024-01-19,8,3,18
2024-01-19,9,1,18
2024-01-19,10,1,18
2024-01-19,11,1,18
2024-01-19,12,1,18
2024-01-19,13,1,18
2024-01-19,14,1,18
2024-01-19,15,1,18
2024-01-19,16,1,18
2024-01-19,17,1,18
2024-01-19,18,1,18
2024-01-19,19,1,18
2024-01-19,20,2,18
2024-01-19,21,2,18
2024-01-19,22,2,18
2024-01-19,23,2,18
2024-01-20,0,2,19
2024-01-20,1,3,19
2024-01-20,2,3,19
2024-01-20,3,3,19
2024-01-20,4,3,19
2024-01-20,5,3,19
2024-01-20,6,3,19
2024-01-20,7,3,19
2024-01-20,8,3,19
2024-01-20,9,1,19
2024-01-20,10,1,19
2024-01-20,11,1,19
2024-01-20,12,1,19
2024-01-20,13,1,19
2024-01-20,14,1,19
2024-01-20,15,1,19
2024-01-20,16,1,19
2024-01-20,17,1,19
2024-01-20,18,1,19
2024-01-20,19,1,19
2024-01-20,20,2,19
2024-01-20,21,2,19
2024-01-20,22,2,19
2024-01-20,23,2,19
2024-01-21,0,2,20
2024-01-21,1,3,20
2024-01-21,2,3,20
2024-01-21,3,3,20
2024-01-21,4,3,20
2024-01-21,5,3,20
2024-01-21,6,3,20
2024-01-21,7,3,20
2024-01-21,8,3,20
2024-01-21,9,1,20
2024-01-21,10,1,20
2024-01-21,11,1,20
2024-01-21,12,1,20
2024-01-21,13,1,20
2024-01-21,14,1,20
2024-01-21,15,1,20
2024-01-21,16,1,20
2024-01-21,17,1,20
2024-01-21,18,1,20
2024-01-21,19,1,20
2024-01-21,20,2,20
2024-01-21,21,2,20
2024-01-21,22,2,20
2024-01-21,23,2,20
2024-01-22,0,2,21
2024-01-22,1,3,21
2024-01-22,2,3,21
2024-01-22,3,3,21
2024-01-22,4,3,21
2024-01-22,5,3,21
2024-01-22,6,3,21
2024-01-22,7,3,21
2024-01-22,8,3,21
2024-01-22,9,1,21
2024-01-22,10,1,21
2024-01-22,11,1,21
2024-01-22,12,1,21
2024-01-22,13,1,21
2024-01-22,14,1,21
2024-01-22,15,1,21
2024-01-22,16,1,21
2024-01-22,17,1,21
2024-01-22,18,1,21
2024-01-22,19,1,21
2024-01-22,20,2,21
2024-01-22,21,2,21
2024-01-22,22,2,21
2024-01-22,23,2,21
2024-01-23,0,2,22
2024-01-23,1,3,22
2024-01-23,2,3,22
2024-01-23,3,3,22
2024-01-23,4,3,22
2024-01-23,5,3,22
2024-01-23,6,3,22
2024-01-23,7,3,22
2024-01-23,8,3,22
2024-01-23,9,1,22
2024-01-23,10,1,22
2024-01-23,11,1,22
2024-01-23,12,1,22
2024-01-23,13,1,22
2024-01-23,14,1,22
2024-01-23,15,1,22
2024-01-23,16,1,22
2024-01-23,17,1,22
2024-01-23,18,1,22
2024-01-23,19,1,22
2024-01-23,20,2,22
2024-01-23,21,2,22
2024-01-23,22,2,22
2024-01-23,23,2,22
2024-01-24,0,2,23
2024-01-24,1,3,23
2024-01-24,2,3,23
2024-01-24,3,3,23
2024-01-24,4,3,23
2024-01-24,5,3,23
2024-01-24,6,3,23
2024-01-24,7,3,23
2024-01-24,8,3,23
2024-01-24,9,1,23
2024-01-24,10,1,23
2024-01-24,11,1,23
2024-01-24,12,1,23
2024-01-24,13,1,23
2024-01-24,14,1,23
2024-01-24,15,1,23
2024-01-24,16,1,23
2024-01-24,17,1,23
2024-01-24,18,1,23
2024-01-24,19,1,23
2024-01-24,20,2,23
2024-01-24,21,2,23
2024-01-24,22,2,23
2024-01-24,23,2,23
2024-01-25,0,2,24
2024-01-25,1,3,24
2024-01-25,2,3,24
2024-01-25,3,3,24
2024-01-25,4,3,24
2024-01-25,5,3,24
2024-01-25,6,3,24
2024-01-25,7,3,24
2024-01-25,8,3,24
2024-01-25,9,1,24
2024-01-25,10,1,24
2024-01-25,11,1,24
2024-01-25,12,1,24
2024-01-25,13,1,24
2024-01-25,14,1,24
2024-01-25,15,1,24
2024-01-25,16,1,24
2024-01-25,17,1,24
2024-01-25,18,1,24
2024-01-25,19,1,24
2024-01-25,20,2,24
2024-01-25,21,2,24
2024-01-25,22,2,24
2024-01-25,23,2,24
2024-01-26,0,2,25
2024-01-26,1,3,25
2024-01-26,2,3,25
2024-01-26,3,3,25
2024-01-26,4,3,25
2024-01-26,5,3,25
2024-01-26,6,3,25
2024-01-26,7,3,25
2024-01-26,8,3,25
2024-01-26,9,1,25
2024-01-26,10,1,25
2024-01-26,11,1,25
2024-01-26,12,1,25
2024-01-26,13,1,25
2024-01-26,14,1,25
2024-01-26,15,1,25
2024-01-26,16,1,25
2024-01-26,17,1,25
2024-01-26,18,1,25
2024-01-26,19,1,25
2024-01-26,20,2,25
2024-01-26,21,2,25
2024-01-26,22,2,25
2024-01-26,23,2,25
2024-01-27,0,2,26
2024-01-27,1,3,26
2024-01-27,2,3,26
2024-01-27,3,3,26
2024-01-27,4,3,26
2024-01-27,5,3,26
2024-01-27,6,3,26
2024-01-27,7,3,26
2024-01-27,8,3,26
2024-01-27,9,1,26
2024-01-27,10,1,26
2024-01-27,11,1,26
2024-01-27,12,1,26
2024-01-27,13,1,26
2024-01-27,14,1,26
2024-01-27,15,1,26
2024-01-27,16,1,26
2024-01-27,17,1,26
2024-01-27,18,1,26
2024-01-27,19,1,26
2024-01-27,20,2,26
2024-01-27,21,2,26
2024-01-27,22,2,26
2024-01-27,23,2,26
2024-01-28,0,2,27
2024-01-28,1,3,27
2024-01-28,2,3,27
2024-01-28,3,3,27
2024-01-28,4,3,27
2024-01-28,5,3,27
2024-01-28,6,3,27
2024-01-28,7,3,27
2024-01-28,8,3,27
2024-01-28,9,1,27
2024-01-28,10,1,27
2024-01-28,11,1,27
2024-01-28,12,1,27
2024-01-28,13,1,27
2024-01-28,14,1,27
2024-01-28,15,1,27
2024-01-28,16,1,27
2024-01-28,17,1,27
2024-01-28,18,1,27
2024-01-28,19,1,27
2024-01-28,20,2,27
2024-01-28,21,2,27
2024-01-28,22,2,27
2024-01-28,23,2,27
2024-01-29,0,2,28
2024-01-29,1,3,28
2024-01-29,2,3,28
2024-01-29,3,3,28
2024-01-29,4,3,28
2024-01-29,5,3,28
2024-01-29,6,3,28
2024-01-29,7,3,28
2024-01-29,8,3,28
2024-01-29,9,1,28
2024-01-29,10,1,28
2024-01-29,11,1,28
2024-01-29,12,1,28
2024-01-29,13,1,28
2024-01-29,14,1,28
2024-01-29,15,1,28
2024-01-29,16,1,28
2024-01-29,17,1,28
2024-01-29,18,1,28
2024-01-29,19,1,28
2024-01-29,20,2,28
2024-01-29,21,2,28
2024-01-29,22,2,28
2024-01-29,23,2,28
2024-01-30,0,2,29
2024-01-30,1,3,29
2024-01-30,2,3,29
2024-01-30,3,3,29
2024-01-30,4,3,29
2024-01-30,5,3,29
2024-01-30,6,3,29
2024-01-30,7,3,29
2024-01-30,8,3,29
2024-01-30,9,1,29
2024-01-30,10,1,29
2024-01-30,11,1,29
2024-01-30,12,1,29
2024-01-30,13,1,29
2024-01-30,14,1,29
2024-01-30,15,1,29
2024-01-30,16,1,29
2024-01-30,17,1,29
2024-01-30,18,1,29
2024-01-30,19,1,29
2024-01-30,20,2,29
2024-01-30,21,2,29
2024-01-30,22,2,29
2024-01-30,23,2,29
2024-01-31,0,2,30
2024-01-31,1,3,30
2024-01-31,2,3,30
2024-01-31,3,3,30
2024-01-31,4,3,30
2024-01-31,5,3,30
2024-01-31,6,3,30
2024-01-31,7,3,30
2024-01-31,8,3,30
2024-01-31,9,1,30
2024-01-31,10,1,30
2024-01-31,11,1,30
2024-01-31,12,1,30
2024-01-31,13,1,30
2024-01-31,14,1,30
2024-01-31,15,1,30
2024-01-31,16,1,30
2024-01-31,17,1,30
2024-01-31,18,1,30
2024-01-31,19,1,30
2024-01-31,20,2,30
2024-01-31,21,2,30
2024-01-31,22,2,30
2024-01-31,23,2,30
2024-02-01,0,2,31
2024-02-01,1,3,31
2024-02-01,2,3,31
2024-02-01,3,3,31
2024-02-01,4,3,31
2024-02-01,5,3,31
2024-02-01,6,3,31
2024-02-01,7,3,31
2024-02-01,8,3,31
2024-02-01,9,1,31
2024-02-01,10,1,31
2024-02-01,11,1,31
2024-02-01,12,1,31
2024-02-01,13,1,31
2024-02-01,14,1,31
2024-02-01,15,1,31
2024-02-01,16,1,31
2024-02-01,17,1,31
2024-02-01,18,1,31
2024-02-01,19,1,31
2024-02-01,20,2,31
2024-02-01,21,2,31
2024-02-01,22,2,31
2024-02-01,23,2,31
2024-02-02,0,2,32
2024-02-02,1,3,32
2024-02-02,2,3,32
2024-02-02,3,3,32
2024-02-02,4,3,32
2024-02-02,5,3,32
2024-02-02,6,3,32
2024-02-02,7,3,32
2024-02-02,8,3,32
2024-02-02,9,1,32
2024-02-02,10,1,32
2024-02-02,11,1,32
2024-02-02,12,1,32
2024-02-02,13,1,32
2024-02-02,14,1,32
2024-02-02,15,1,32
2024-02-02,16,1,32
2024-02-02,17,1,32
2024-02-02,18,1,32
2024-02-02,19,1,32
2024-02-02,20,2,32
2024-02-02,21,2,32
2024-02-02,22,2,32
2024-02-02,23,2,32
2024-02-03,0,2,33
2024-02-03,1,3,33
2024-02-03,2,3,33
2024-02-03,3,3,33
2024-02-03,4,3,33
2024-02-03,5,3,33
2024-02-03,6,3,33
2024-02-03,7,3,33
2024-02-03,8,3,33
2024-02-03,9,1,33
2024-02-03,10,1,33
2024-02-03,11,1,33
2024-02-03,12,1,33
2024-02-03,13,1,33
2024-02-03,14,1,33
2024-02-03,15,1,33
2024-02-03,16,1,33
2024-02-03,17,1,33
2024-02-03,18,1,33
2024-02-03,19,1,33
2024-02-03,20,2,33
2024-02-03,21,2,33
2024-02-03,22,2,33
2024-02-03,23,2,33
2024-02-04,0,2,34
2024-02-04,1,3,34
2024-02-04,2,3,34
2024-02-04,3,3,34
2024-02-04,4,3,34
2024-02-04,5,3,34
2024-02-04,6,3,34
2024-02-04,7,3,34
2024-02-04,8,3,34
2024-02-04,9,1,34
2024-02-04,10,1,34
2024-02-04,11,1,34
2024-02-04,12,1,34
2024-02-04,13,1,34
2024-02-04,14,1,34
2024-02-04,15,1,34
2024-02-04,16,1,34
2024-02-04,17,1,34
2024-02-04,18,1,34
2024-02-04,19,1,34
2024-02-04,20,2,34
2024-02-04,21,2,34
2024-02-04,22,2,34
2024-02-04,23,2,34
2024-02-05,0,2,35
2024-02-05,1,3,35
2024-02-05,2,3,35
2024-02-05,3,3,35
2024-02-05,4,3,35
2024-02-05,5,3,35
2024-02-05,6,3,35
2024-02-05,7,3,35
2024-02-05,8,3,35
2024-02-05,9,1,35
2024-02-05,10,1,35
2024-02-05,11,1,35
2024-02-05,12,1,35
2024-02-05,13,1,35
2024-02-05,14,1,35
2024-02-05,15,1,35
2024-02-05,16,1,35
2024-02-05,17,1,35
2024-02-05,18,1,35
2024-02-05,19,1,35
2024-02-05,20,2,35
2024-02-05,21,2,35
2024-02-05,22,2,35
2024-02-05,23,2,35
2024-02-06,0,2,36
2024-02-06,1,3,36
2024-02-06,2,3,36
2024-02-06,3,3,36
2024-02-06,4,3,36
2024-02-06,5,3,36
2024-02-06,6,3,36
2024-02-06,7,3,36
2024-02-06,8,3,36
2024-02-06,9,1,36
2024-02-06,10,1,36
2024-02-06,11,1,36
2024-02-06,12,1,36
2024-02-06,13,1,36
2024-02-06,14,1,36
2024-02-06,15,1,36
2024-02-06,16,1,36
2024-02-06,17,1,36
2024-02-06,18,1,36
2024-02-06,19,1,36
2024-02-06,20,2,36
2024-02-06,21,2,36
2024-02-06,22,2,36
2024-02-06,23,2,36
2024-02-07,0,2,37
2024-02-07,1,3,37
2024-02-07,2,3,37
2024-02-07,3,3,37
2024-02-07,4,3,37
2024-02-07,5,3,37
2024-02-07,6,3,37
2024-02-07,7,3,37
2024-02-07,8,3,37
2024-02-07,9,1,37
2024-02-07,10,1,37
2024-02-07,11,1,37
2024-02-07,12,1,37
2024-02-07,13,1,37
2024-02-07,14,1,37
2024-02-07,15,1,37
2024-02-07,16,1,37
2024-02-07,17,1,37
2024-02-07,18,1,37
2024-02-07,19,1,37
2024-02-07,20,2,37
2024-02-07,21,2,37
2024-02-07,22,2,37
2024-02-07,23,2,37
2024-02-08,0,2,38
2024-02-08,1,3,38
2024-02-08,2,3,38
2024-02-08,3,3,38
2024-02-08,4,3,38
2024-02-08,5,3,38
2024-02-08,6,3,38
2024-02-08,7,3,38
2024-02-08,8,3,38
2024-02-08,9,1,38
2024-02-08,10,1,38
2024-02-08,11,1,38
2024-02-08,12,1,38
2024-02-08,13,1,38
2024-02-08,14,1,38
2024-02-08,15,1,38
2024-02-08,16,1,38
2024-02-08,17,1,38
2024-02-08,18,1,38
2024-02-08,19,1,38
2024-02-08,20,2,38
2024-02-08,21,2,38
2024-02-08,22,2,38
2024-02-08,23,2,38
2024-02-09,0,2,39
2024-02-09,1,3,39
2024-02-09,2,3,39
2024-02-09,3,3,39
2024-02-09,4,3,39
2024-02-09,5,3,39
2024-02-09,6,3,39
2024-02-09,7,3,39
2024-02-09,8,3,39
2024-02-09,9,1,39
2024-02-09,10,1,39
2024-02-09,11,1,39
2024-02-09,12,1,39
2024-02-09,13,1,39
2024-02-09,14,1,39
2024-02-09,15,1,39
2024-02-09,16,1,39
2024-02-09,17,1,39
2024-02-09,18,1,39
2024-02-09,19,1,39
2024-02-09,20,2,39
2024-02-09,21,2,39
2024-02-09,22,2,39
2024-02-09,23,2,39
2024-02-10,0,2,40
2024-02-10,1,3,40
2024-02-10,2,3,40
2024-02-10,3,3,40
2024-02-10,4,3,40
2024-02-10,5,3,40
2024-02-10,6,3,40
2024-02-10,7,3,40
2024-02-10,8,3,40
2024-02-10,9,1,40
2024-02-10,10,1,40
2024-02-10,11,1,40
2024-02-10,12,1,40
2024-02-10,13,1,40
2024-02-10,14,1,40
2024-02-10,15,1,40
2024-02-10,16,1,40
2024-02-10,17,1,40
2024-02-10,18,1,40
2024-02-10,19,1,40
2024-02-10,20,2,40
2024-02-10,21,2,40
2024-02-10,22,2,40
2024-02-10,23,2,40
2024-02-11,0,2,41
2024-02-11,1,3,41
2024-02-11,2,3,41
2024-02-11,3,3,41
2024-02-11,4,3,41
2024-02-11,5,3,41
2024-02-11,6,3,41
2024-02-11,7,3,41
2024-02-11,8,3,41
2024-02-11,9,1,41
2024-02-11,10,1,41
2024-02-11,11,1,41
2024-02-11,12,1,41
2024-02-11,13,1,41
2024-02-11,14,1,41
2024-02-11,15,1,41
2024-02-11,16,1,41
2024-02-11,17,1,41
2024-02-11,18,1,41
2024-02-11,19,1,41
2024-02-11,20,2,41
2024-02-11,21,2,41
2024-02-11,22,2,41
2024-02-11,23,2,41
2024-02-12,0,2,42
2024-02-12,1,3,42
2024-02-12,2,3,42
2024-02-12,3,3,42
2024-02-12,4,3,42
2024-02-12,5,3,42
2024-02-12,6,3,42
2024-02-12,7,3,42
2024-02-12,8,3,42
2024-02-12,9,1,42
2024-02-12,10,1,42
2024-02-12,11,1,42
2024-02-12,12,1,42
2024-02-12,13,1,42
2024-02-12,14,1,42
2024-02-12,15,1,42
2024-02-12,16,1,42
2024-02-12,17,1,42
2024-02-12,18,1,42
2024-02-12,19,1,42
2024-02-12,20,2,42
2024-02-12,21,2,42
2024-02-12,22,2,42
2024-02-12,23,2,42
2024-02-13,0,2,43
2024-02-13,1,3,43
2024-02-13,2,3,43
2024-02-13,3,3,43
2024-02-13,4,3,43
2024-02-13,5,3,43
2024-02-13,6,3,43
2024-02-13,7,3,43
2024-02-13,8,3,43
2024-02-13,9,1,43
2024-02-13,10,1,43
2024-02-13,11,1,43
2024-02-13,12,1,43
2024-02-13,13,1,43
2024-02-13,14,1,43
2024-02-13,15,1,43
2024-02-13,16,1,43
2024-02-13,17,1,43
2024-02-13,18,1,43
2024-02-13,19,1,43
2024-02-13,20,2,43
2024-02-13,21,2,43
2024-02-13,22,2,43
2024-02-13,23,2,43
2024-02-14,0,2,44
2024-02-14,1,3,44
2024-02-14,2,3,44
2024-02-14,3,3,44
2024-02-14,4,3,44
2024-02-14,5,3,44
2024-02-14,6,3,44
2024-02-14,7,3,44
2024-02-14,8,3,44
2024-02-14,9,1,44
2024-02-14,10,1,44
2024-02-14,11,1,44
2024-02-14,12,1,44
2024-02-14,13,1,44
2024-02-14,14,1,44
2024-02-14,15,1,44
2024-02-14,16,1,44
2024-02-14,17,1,44
2024-02-14,18,1,44
2024-02-14,19,1,44
2024-02-14,20,2,44
2024-02-14,21,2,44
2024-02-14,22,2,44
2024-02-14,23,2,44
2024-02-15,0,2,45
2024-02-15,1,3,45
2024-02-15,2,3,45
2024-02-15,3,3,45
2024-02-15,4,3,45
2024-02-15,5,3,45
2024-02-15,6,3,45
2024-02-15,7,3,45
2024-02-15,8,3,45
2024-02-15,9,1,45
2024-02-15,10,1,45
2024-02-15,11,1,45
2024-02-15,12,1,45
2024-02-15,13,1,45
2024-02-15,14,1,45
2024-02-15,15,1,45
2024-02-15,16,1,45
2024-02-15,17,1,45
2024-02-15,18,1,45
2024-02-15,19,1,45
2024-02-15,20,2,45
2024-02-15,21,2,45
2024-02-15,22,2,45
2024-02-15,23,2,45
2024-02-16,0,2,46
2024-02-16,1,3,46
2024-02-16,2,3,46
2024-02-16,3,3,46
2024-02-16,4,3,46
2024-02-16,5,3,46
2024-02-16,6,3,46
2024-02-16,7,3,46
2024-02-16,8,3,46
2024-02-16,9,1,46
2024-02-16,10,1,46
2024-02-16,11,1,46
2024-02-16,12,1,46
2024-02-16,13,1,46
2024-02-16,14,1,46
2024-02-16,15,1,46
2024-02-16,16,1,46
2024-02-16,17,1,46
2024-02-16,18,1,46
2024-02-16,19,1,46
2024-02-16,20,2,46
2024-02-16,21,2,46
2024-02-16,22,2,46
2024-02-16,23,2,46
2024-02-17,0,2,47
2024-02-17,1,3,47
2024-02-17,2,3,47
2024-02-17,3,3,47
2024-02-17,4,3,47
2024-02-17,5,3,47
2024-02-17,6,3,47
2024-02-17,7,3,47
2024-02-17,8,3,47
2024-02-17,9,1,47
2024-02-17,10,1,47
2024-02-17,11,1,47
2024-02-17,12,1,47
2024-02-17,13,1,47
2024-02-17,14,1,47
2024-02-17,15,1,47
2024-02-17,16,1,47
2024-02-17,17,1,47
2024-02-17,18,1,47
2024-02-17,19,1,47
2024-02-17,20,2,47
2024-02-17,21,2,47
2024-02-17,22,2,47
2024-02-17,23,2,47
2024-02-18,0,2,48
2024-02-18,1,3,48
2024-02-18,2,3,48
2024-02-18,3,3,48
2024-02-18,4,3,48
2024-02-18,5,3,48
2024-02-18,6,3,48
2024-02-18,7,3,48
2024-02-18,8,3,48
2024-02-18,9,1,48
2024-02-18,10,1,48
2024-02-18,11,1,48
2024-02-18,12,1,48
2024-02-18,13,1,48
2024-02-18,14,1,48
2024-02-18,15,1,48
2024-02-18,16,1,48
2024-02-18,17,1,48
2024-02-18,18,1,48
2024-02-18,19,1,48
2024-02-18,20,2,48
2024-02-18,21,2,48
2024-02-18,22,2,48
2024-02-18,23,2,48
2024-02-19,0,2,49
2024-02-19,1,3,49
2024-02-19,2,3,49
2024-02-19,3,3,49
2024-02-19,4,3,49
2024-02-19,5,3,49
2024-02-19,6,3,49
2024-02-19,7,3,49
2024-02-19,8,3,49
2024-02-19,9,1,49
2024-02-19,10,1,49
2024-02-19,11,1,49
2024-02-19,12,1,49
2024-02-19,13,1,49
2024-02-19,14,1,49
2024-02-19,15,1,49
2024-02-19,16,1,49
2024-02-19,17,1,49
2024-02-19,18,1,49
2024-02-19,19,1,49
2024-02-19,20,2,49
2024-02-19,21,2,49
2024-02-19,22,2,49
2024-02-19,23,2,49
2024-02-20,0,2,50
2024-02-20,1,3,50
2024-02-20,2,3,50
2024-02-20,3,3,50
2024-02-20,4,3,50
2024-02-20,5,3,50
2024-02-20,6,3,50
2024-02-20,7,3,50
2024-02-20,8,3,50
2024-02-20,9,1,50
2024-02-20,10,1,50
2024-02-20,11,1,50
2024-02-20,12,1,50
2024-02-20,13,1,50
2024-02-20,14,1,50
2024-02-20,15,1,50
2024-02-20,16,1,50
2024-02-20,17,1,50
2024-02-20,18,1,50
2024-02-20,19,1,50
2024-02-20,20,2,50
2024-02-20,21,2,50
2024-02-20,22,2,50
2024-02-20,23,2,50
2024-02-21,0,2,51
2024-02-21,1,3,51
2024-02-21,2,3,51
2024-02-21,3,3,51
2024-02-21,4,3,51
2024-02-21,5,3,51
2024-02-21,6,3,51
2024-02-21,7,3,51
2024-02-21,8,3,51
2024-02-21,9,1,51
2024-02-21,10,1,51
2024-02-21,11,1,51
2024-02-21,12,1,51
2024-02-21,13,1,51
2024-02-21,14,1,51
2024-02-21,15,1,51
2024-02-21,16,1,51
2024-02-21,17,1,51
2024-02-21,18,1,51
2024-02-21,19,1,51
2024-02-21,20,2,51
2024-02-21,21,2,51
2024-02-21,22,2,51
2024-02-21,23,2,51
2024-02-22,0,2,52
2024-02-22,1,3,52
2024-02-22,2,3,52
2024-02-22,3,3,52
2024-02-22,4,3,52
2024-02-22,5,3,52
2024-02-22,6,3,52
2024-02-22,7,3,52
2024-02-22,8,3,52
2024-02-22,9,1,52
2024-02-22,10,1,52
2024-02-22,11,1,52
2024-02-22,12,1,52
2024-02-22,13,1,52
2024-02-22,14,1,52
2024-02-22,15,1,52
2024-02-22,16,1,52
2024-02-22,17,1,52
2024-02-22,18,1,52
2024-02-22,19,1,52
2024-02-22,20,2,52
2024-02-22,21,2,52
2024-02-22,22,2,52
2024-02-22,23,2,52
2024-02-23,0,2,53
2024-02-23,1,3,53
2024-02-23,2,3,53
2024-02-23,3,3,53
2024-02-23,4,3,53
2024-02-23,5,3,53
2024-02-23,6,3,53
2024-02-23,7,3,53
2024-02-23,8,3,53
2024-02-23,9,1,53
2024-02-23,10,1,53
2024-02-23,11,1,53
2024-02-23,12,1,53
2024-02-23,13,1,53
2024-02-23,14,1,53
2024-02-23,15,1,53
2024-02-23,16,1,53
2024-02-23,17,1,53
2024-02-23,18,1,53
2024-02-23,19,1,53
2024-02-23,20,2,53
2024-02-23,21,2,53
2024-02-23,22,2,53
2024-02-23,23,2,53
2024-02-24,0,2,54
2024-02-24,1,3,54
2024-02-24,2,3,54
2024-02-24,3,3,54
2024-02-24,4,3,54
2024-02-24,5,3,54
2024-02-24,6,3,54
2024-02-24,7,3,54
2024-02-24,8,3,54
2024-02-24,9,1,54
2024-02-24,10,1,54
2024-02-24,11,1,54
2024-02-24,12,1,54
2024-02-24,13,1,54
2024-02-24,14,1,54
2024-02-24,15,1,54
2024-02-24,16,1,54
2024-02-24,17,1,54
2024-02-24,18,1,54
2024-02-24,19,1,54
2024-02-24,20,2,54
2024-02-24,21,2,54
2024-02-24,22,2,54
2024-02-24,23,2,54
2024-02-25,0,2,55
2024-02-25,1,3,55
2024-02-25,2,3,55
2024-02-25,3,3,55
2024-02-25,4,3,55
2024-02-25,5,3,55
2024-02-25,6,3,55
2024-02-25,7,3,55
2024-02-25,8,3,55
2024-02-25,9,1,55
2024-02-25,10,1,55
2024-02-25,11,1,55
2024-02-25,12,1,55
2024-02-25,13,1,55
2024-02-25,14,1,55
2024-02-25,15,1,55
2024-02-25,16,1,55
2024-02-25,17,1,55
2024-02-25,18,1,55
2024-02-25,19,1,55
2024-02-25,20,2,55
2024-02-25,21,2,55
2024-02-25,22,2,55
2024-02-25,23,2,55
2024-02-26,0,2,56
2024-02-26,1,3,56
2024-02-26,2,3,56
2024-02-26,3,3,56
2024-02-26,4,3,56
2024-02-26,5,3,56
2024-02-26,6,3,56
2024-02-26,7,3,56
2024-02-26,8,3,56
2024-02-26,9,1,56
2024-02-26,10,1,56
2024-02-26,11,1,56
2024-02-26,12,1,56
2024-02-26,13,1,56
2024-02-26,14,1,56
2024-02-26,15,1,56
2024-02-26,16,1,56
2024-02-26,17,1,56
2024-02-26,18,1,56
2024-02-26,19,1,56
2024-02-26,20,2,56
2024-02-26,21,2,56
2024-02-26,22,2,56
2024-02-26,23,2,56
2024-02-27,0,2,57
2024-02-27,1,3,57
2024-02-27,2,3,57
2024-02-27,3,3,57
2024-02-27,4,3,57
2024-02-27,5,3,57
2024-02-27,6,3,57
2024-02-27,7,3,57
2024-02-27,8,3,57
2024-02-27,9,1,57
2024-02-27,10,1,57
2024-02-27,11,1,57
2024-02-27,12,1,57
2024-02-27,13,1,57
2024-02-27,14,1,57
2024-02-27,15,1,57
2024-02-27,16,1,57
2024-02-27,17,1,57
2024-02-27,18,1,57
2024-02-27,19,1,57
2024-02-27,20,2,57
2024-02-27,21,2,57
2024-02-27,22,2,57
2024-02-27,23,2,57
2024-02-28,0,2,58
2024-02-28,1,3,58
2024-02-28,2,3,58
2024-02-28,3,3,58
2024-02-28,4,3,58
2024-02-28,5,3,58
2024-02-28,6,3,58
2024-02-28,7,3,58
2024-02-28,8,3,58
2024-02-28,9,1,58
2024-02-28,10,1,58
2024-02-28,11,1,58
2024-02-28,12,1,58
2024-02-28,13,1,58
2024-02-28,14,1,58
2024-02-28,15,1,58
2024-02-28,16,1,58
2024-02-28,17,1,58
2024-02-28,18,1,58
2024-02-28,19,1,58
2024-02-28,20,2,58
2024-02-28,21,2,58
2024-02-28,22,2,58
2024-02-28,23,2,58
2024-02-29,0,2,59
2024-02-29,1,3,59
2024-02-29,2,3,59
2024-02-29,3,3,59
2024-02-29,4,3,59
2024-02-29,5,3,59
2024-02-29,6,3,59
2024-02-29,7,3,59
2024-02-29,8,3,59
2024-02-29,9,1,59
2024-02-29,10,1,59
2024-02-29,11,1,59
2024-02-29,12,1,59
2024-02-29,13,1,59
2024-02-29,14,1,59
2024-02-29,15,1,59
2024-02-29,16,1,59
2024-02-29,17,1,59
2024-02-29,18,1,59
2024-02-29,19,1,59
2024-02-29,20,2,59
2024-02-29,21,2,59
2024-02-29,22,2,59
2024-02-29,23,2,59
2024-03-01,0,2,60
2024-03-01,1,3,60
2024-03-01,2,3,60
2024-03-01,3,3,60
2024-03-01,4,3,60
2024-03-01,5,3,60
2024-03-01,6,3,60
2024-03-01,7,3,60
2024-03-01,8,3,60
2024-03-01,9,1,60
2024-03-01,10,1,60
2024-03-01,11,1,60
2024-03-01,12,1,60
2024-03-01,13,1,60
2024-03-01,14,1,60
2024-03-01,15,1,60
2024-03-01,16,1,60
2024-03-01,17,1,60
2024-03-01,18,1,60
2024-03-01,19,1,60
2024-03-01,20,2,60
2024-03-01,21,2,60
2024-03-01,22,2,60
2024-03-01,23,2,60
2024-03-02,0,2,61
2024-03-02,1,3,61
2024-03-02,2,3,61
2024-03-02,3,3,61
2024-03-02,4,3,61
2024-03-02,5,3,61
2024-03-02,6,3,61
2024-03-02,7,3,61
2024-03-02,8,3,61
2024-03-02,9,1,61
2024-03-02,10,1,61
2024-03-02,11,1,61
2024-03-02,12,1,61
2024-03-02,13,1,61
2024-03-02,14,1,61
2024-03-02,15,1,61
2024-03-02,16,1,61
2024-03-02,17,1,61
2024-03-02,18,1,61
2024-03-02,19,1,61
2024-03-02,20,2,61
2024-03-02,21,2,61
2024-03-02,22,2,61
2024-03-02,23,2,61
2024-03-03,0,2,62
2024-03-03,1,3,62
2024-03-03,2,3,62
2024-03-03,3,3,62
2024-03-03,4,3,62
2024-03-03,5,3,62
2024-03-03,6,3,62
2024-03-03,7,3,62
2024-03-03,8,3,62
2024-03-03,9,1,62
2024-03-03,10,1,62
2024-03-03,11,1,62
2024-03-03,12,1,62
2024-03-03,13,1,62
2024-03-03,14,1,62
2024-03-03,15,1,62
2024-03-03,16,1,62
2024-03-03,17,1,62
2024-03-03,18,1,62
2024-03-03,19,1,62
2024-03-03,20,2,62
2024-03-03,21,2,62
2024-03-03,22,2,62
2024-03-03,23,2,62
2024-03-04,0,2,63
2024-03-04,1,3,63
2024-03-04,2,3,63
2024-03-04,3,3,63
2024-03-04,4,3,63
2024-03-04,5,3,63
2024-03-04,6,3,63
2024-03-04,7,3,63
2024-03-04,8,3,63
2024-03-04,9,1,63
2024-03-04,10,1,63
2024-03-04,11,1,63
2024-03-04,12,1,63
2024-03-04,13,1,63
2024-03-04,14,1,63
2024-03-04,15,1,63
2024-03-04,16,1,63
2024-03-04,17,1,63
2024-03-04,18,1,63
2024-03-04,19,1,63
2024-03-04,20,2,63
2024-03-04,21,2,63
2024-03-04,22,2,63
2024-03-04,23,2,63
2024-03-05,0,2,64
2024-03-05,1,3,64
2024-03-05,2,3,64
2024-03-05,3,3,64
2024-03-05,4,3,64
2024-03-05,5,3,64
2024-03-05,6,3,64
2024-03-05,7,3,64
2024-03-05,8,3,64
2024-03-05,9,1,64
2024-03-05,10,1,64
2024-03-05,11,1,64
2024-03-05,12,1,64
2024-03-05,13,1,64
2024-03-05,14,1,64
2024-03-05,15,1,64
2024-03-05,16,1,64
2024-03-05,17,1,64
2024-03-05,18,1,64
2024-03-05,19,1,64
2024-03-05,20,2,64
2024-03-05,21,2,64
2024-03-05,22,2,64
2024-03-05,23,2,64
2024-03-06,0,2,65
2024-03-06,1,3,65
2024-03-06,2,3,65
2024-03-06,3,3,65
2024-03-06,4,3,65
2024-03-06,5,3,65
2024-03-06,6,3,65
2024-03-06,7,3,65
2024-03-06,8,3,65
2024-03-06,9,1,65
2024-03-06,10,1,65
2024-03-06,11,1,65
2024-03-06,12,1,65
2024-03-06,13,1,65
2024-03-06,14,1,65
2024-03-06,15,1,65
2024-03-06,16,1,65
2024-03-06,17,1,65
2024-03-06,18,1,65
2024-03-06,19,1,65
2024-03-06,20,2,65
2024-03-06,21,2,65
2024-03-06,22,2,65
2024-03-06,23,2,65
2024-03-07,0,2,66
2024-03-07,1,3,66
2024-03-07,2,3,66
2024-03-07,3,3,66
2024-03-07,4,3,66
2024-03-07,5,3,66
2024-03-07,6,3,66
2024-03-07,7,3,66
2024-03-07,8,3,66
2024-03-07,9,1,66
2024-03-07,10,1,66
2024-03-07,11,1,66
2024-03-07,12,1,66
2024-03-07,13,1,66
2024-03-07,14,1,66
2024-03-07,15,1,66
2024-03-07,16,1,66
2024-03-07,17,1,66
2024-03-07,18,1,66
2024-03-07,19,1,66
2024-03-07,20,2,66
2024-03-07,21,2,66
2024-03-07,22,2,66
2024-03-07,23,2,66
2024-03-08,0,2,67
2024-03-08,1,3,67
2024-03-08,2,3,67
2024-03-08,3,3,67
2024-03-08,4,3,67
2024-03-08,5,3,67
2024-03-08,6,3,67
2024-03-08,7,3,67
2024-03-08,8,3,67
2024-03-08,9,1,67
2024-03-08,10,1,67
2024-03-08,11,1,67
2024-03-08,12,1,67
2024-03-08,13,1,67
2024-03-08,14,1,67
2024-03-08,15,1,67
2024-03-08,16,1,67
2024-03-08,17,1,67
2024-03-08,18,1,67
2024-03-08,19,1,67
2024-03-08,20,2,67
2024-03-08,21,2,67
2024-03-08,22,2,67
2024-03-08,23,2,67
2024-03-09,0,2,68
2024-03-09,1,3,68
2024-03-09,2,3,68
2024-03-09,3,3,68
2024-03-09,4,3,68
2024-03-09,5,3,68
2024-03-09,6,3,68
2024-03-09,7,3,68
2024-03-09,8,3,68
2024-03-09,9,1,68
2024-03-09,10,1,68
2024-03-09,11,1,68
2024-03-09,12,1,68
2024-03-09,13,1,68
2024-03-09,14,1,68
2024-03-09,15,1,68
2024-03-09,16,1,68
2024-03-09,17,1,68
2024-03-09,18,1,68
2024-03-09,19,1,68
2024-03-09,20,2,68
2024-03-09,21,2,68
2024-03-09,22,2,68
2024-03-09,23,2,68
2024-03-10,0,2,69
2024-03-10,1,3,69
2024-03-10,2,3,69
2024-03-10,3,3,69
2024-03-10,4,3,69
2024-03-10,5,3,69
2024-03-10,6,3,69
2024-03-10,7,3,69
2024-03-10,8,3,69
2024-03-10,9,1,69
2024-03-10,10,1,69
2024-03-10,11,1,69
2024-03-10,12,1,69
2024-03-10,13,1,69
2024-03-10,14,1,69
2024-03-10,15,1,69
2024-03-10,16,1,69
2024-03-10,17,1,69
2024-03-10,18,1,69
2024-03-10,19,1,69
2024-03-10,20,2,69
2024-03-10,21,2,69
2024-03-10,22,2,69
2024-03-10,23,2,69
2024-03-11,0,2,70
2024-03-11,1,3,70
2024-03-11,2,3,70
2024-03-11,3,3,70
2024-03-11,4,3,70
2024-03-11,5,3,70
2024-03-11,6,3,70
2024-03-11,7,3,70
2024-03-11,8,3,70
2024-03-11,9,1,70
2024-03-11,10,1,70
2024-03-11,11,1,70
2024-03-11,12,1,70
2024-03-11,13,1,70
2024-03-11,14,1,70
2024-03-11,15,1,70
2024-03-11,16,1,70
2024-03-11,17,1,70
2024-03-11,18,1,70
2024-03-11,19,1,70
2024-03-11,20,2,70
2024-03-11,21,2,70
2024-03-11,22,2,70
2024-03-11,23,2,70
2024-03-12,0,2,71
2024-03-12,1,3,71
2024-03-12,2,3,71
2024-03-12,3,3,71
2024-03-12,4,3,71
2024-03-12,5,3,71
2024-03-12,6,3,71
2024-03-12,7,3,71
2024-03-12,8,3,71
2024-03-12,9,1,71
2024-03-12,10,1,71
2024-03-12,11,1,71
2024-03-12,12,1,71
2024-03-12,13,1,71
2024-03-12,14,1,71
2024-03-12,15,1,71
2024-03-12,16,1,71
2024-03-12,17,1,71
2024-03-12,18,1,71
2024-03-12,19,1,71
2024-03-12,20,2,71
2024-03-12,21,2,71
2024-03-12,22,2,71
2024-03-12,23,2,71
2024-03-13,0,2,72
2024-03-13,1,3,72
2024-03-13,2,3,72
2024-03-13,3,3,72
2024-03-13,4,3,72
2024-03-13,5,3,72
2024-03-13,6,3,72
2024-03-13,7,3,72
2024-03-13,8,3,72
2024-03-13,9,1,72
2024-03-13,10,1,72
2024-03-13,11,1,72
2024-03-13,12,1,72
2024-03-13,13,1,72
2024-03-13,14,1,72
2024-03-13,15,1,72
2024-03-13,16,1,72
2024-03-13,17,1,72
2024-03-13,18,1,72
2024-03-13,19,1,72
2024-03-13,20,2,72
2024-03-13,21,2,72
2024-03-13,22,2,72
2024-03-13,23,2,72
2024-03-14,0,2,73
2024-03-14,1,3,73
2024-03-14,2,3,73
2024-03-14,3,3,73
2024-03-14,4,3,73
2024-03-14,5,3,73
2024-03-14,6,3,73
2024-03-14,7,3,73
2024-03-14,8,3,73
2024-03-14,9,1,73
2024-03-14,10,1,73
2024-03-14,11,1,73
2024-03-14,12,1,73
2024-03-14,13,1,73
2024-03-14,14,1,73
2024-03-14,15,1,73
2024-03-14,16,1,73
2024-03-14,17,1,73
2024-03-14,18,1,73
2024-03-14,19,1,73
2024-03-14,20,2,73
2024-03-14,21,2,73
2024-03-14,22,2,73
2024-03-14,23,2,73
2024-03-15,0,2,74
2024-03-15,1,3,74
2024-03-15,2,3,74
2024-03-15,3,3,74
2024-03-15,4,3,74
2024-03-15,5,3,74
2024-03-15,6,3,74
2024-03-15,7,3,74
2024-03-15,8,3,74
2024-03-15,9,1,74
2024-03-15,10,1,74
2024-03-15,11,1,74
2024-03-15,12,1,74
2024-03-15,13,1,74
2024-03-15,14,1,74
2024-03-15,15,1,74
2024-03-15,16,1,74
2024-03-15,17,1,74
2024-03-15,18,1,74
2024-03-15,19,1,74
2024-03-15,20,2,74
2024-03-15,21,2,74
2024-03-15,22,2,74
2024-03-15,23,2,74
2024-03-16,0,2,75
2024-03-16,1,3,75
2024-03-16,2,3,75
2024-03-16,3,3,75
2024-03-16,4,3,75
2024-03-16,5,3,75
2024-03-16,6,3,75
2024-03-16,7,3,75
2024-03-16,8,3,75
2024-03-16,9,1,75
2024-03-16,10,1,75
2024-03-16,11,1,75
2024-03-16,12,1,75
2024-03-16,13,1,75
2024-03-16,14,1,75
2024-03-16,15,1,75
2024-03-16,16,1,75
2024-03-16,17,1,75
2024-03-16,18,1,75
2024-03-16,19,1,75
2024-03-16,20,2,75
2024-03-16,21,2,75
2024-03-16,22,2,75
2024-03-16,23,2,75
2024-03-17,0,2,76
2024-03-17,1,3,76
2024-03-17,2,3,76
2024-03-17,3,3,76
2024-03-17,4,3,76
2024-03-17,5,3,76
2024-03-17,6,3,76
2024-03-17,7,3,76
2024-03-17,8,3,76
2024-03-17,9,1,76
2024-03-17,10,1,76
2024-03-17,11,1,76
2024-03-17,12,1,76
2024-03-17,13,1,76
2024-03-17,14,1,76
2024-03-17,15,1,76
2024-03-17,16,1,76
2024-03-17,17,1,76
2024-03-17,18,1,76
2024-03-17,19,1,76
2024-03-17,20,2,76
2024-03-17,21,2,76
2024-03-17,22,2,76
2024-03-17,23,2,76
2024-03-18,0,2,77
2024-03-18,1,3,77
2024-03-18,2,3,77
2024-03-18,3,3,77
2024-03-18,4,3,77
2024-03-18,5,3,77
2024-03-18,6,3,77
2024-03-18,7,3,77
2024-03-18,8,3,77
2024-03-18,9,1,77
2024-03-18,10,1,77
2024-03-18,11,1,77
2024-03-18,12,1,77
2024-03-18,13,1,77
2024-03-18,14,1,77
2024-03-18,15,1,77
2024-03-18,16,1,77
2024-03-18,17,1,77
2024-03-18,18,1,77
2024-03-18,19,1,77
2024-03-18,20,2,77
2024-03-18,21,2,77
2024-03-18,22,2,77
2024-03-18,23,2,77
2024-03-19,0,2,78
2024-03-19,1,3,78
2024-03-19,2,3,78
2024-03-19,3,3,78
2024-03-19,4,3,78
2024-03-19,5,3,78
2024-03-19,6,3,78
2024-03-19,7,3,78
2024-03-19,8,3,78
2024-03-19,9,1,78
2024-03-19,10,1,78
2024-03-19,11,1,78
2024-03-19,12,1,78
2024-03-19,13,1,78
2024-03-19,14,1,78
2024-03-19,15,1,78
2024-03-19,16,1,78
2024-03-19,17,1,78
2024-03-19,18,1,78
2024-03-19,19,1,78
2024-03-19,20,2,78
2024-03-19,21,2,78
2024-03-19,22,2,78
2024-03-19,23,2,78
2024-03-20,0,2,79
2024-03-20,1,3,79
2024-03-20,2,3,79
2024-03-20,3,3,79
2024-03-20,4,3,79
2024-03-20,5,3,79
2024-03-20,6,3,79
2024-03-20,7,3,79
2024-03-20,8,3,79
2024-03-20,9,1,79
2024-03-20,10,1,79
2024-03-20,11,1,79
2024-03-20,12,1,79
2024-03-20,13,1,79
2024-03-20,14,1,79
2024-03-20,15,1,79
2024-03-20,16,1,79
2024-03-20,17,1,79
2024-03-20,18,1,79
2024-03-20,19,1,79
2024-03-20,20,2,79
2024-03-20,21,2,79
2024-03-20,22,2,79
2024-03-20,23,2,79
2024-03-21,0,2,80
2024-03-21,1,3,80
2024-03-21,2,3,80
2024-03-21,3,3,80
2024-03-21,4,3,80
2024-03-21,5,3,80
2024-03-21,6,3,80
2024-03-21,7,3,80
2024-03-21,8,3,80
2024-03-21,9,1,80
2024-03-21,10,1,80
2024-03-21,11,1,80
2024-03-21,12,1,80
2024-03-21,13,1,80
2024-03-21,14,1,80
2024-03-21,15,1,80
2024-03-21,16,1,80
2024-03-21,17,1,80
2024-03-21,18,1,80
2024-03-21,19,1,80
2024-03-21,20,2,80
2024-03-21,21,2,80
2024-03-21,22,2,80
2024-03-21,23,2,80
2024-03-22,0,2,81
2024-03-22,1,3,81
2024-03-22,2,3,81
2024-03-22,3,3,81
2024-03-22,4,3,81
2024-03-22,5,3,81
2024-03-22,6,3,81
2024-03-22,7,3,81
2024-03-22,8,3,81
2024-03-22,9,1,81
2024-03-22,10,1,81
2024-03-22,11,1,81
2024-03-22,12,1,81
2024-03-22,13,1,81
2024-03-22,14,1,81
2024-03-22,15,1,81
2024-03-22,16,1,81
2024-03-22,17,1,81
2024-03-22,18,1,81
2024-03-22,19,1,81
2024-03-22,20,2,81
2024-03-22,21,2,81
2024-03-22,22,2,81
2024-03-22,23,2,81
2024-03-23,0,2,82
2024-03-23,1,3,82
2024-03-23,2,3,82
2024-03-23,3,3,82
2024-03-23,4,3,82
2024-03-23,5,3,82
2024-03-23,6,3,82
2024-03-23,7,3,82
2024-03-23,8,3,82
2024-03-23,9,1,82
2024-03-23,10,1,82
2024-03-23,11,1,82
2024-03-23,12,1,82
2024-03-23,13,1,82
2024-03-23,14,1,82
2024-03-23,15,1,82
2024-03-23,16,1,82
2024-03-23,17,1,82
2024-03-23,18,1,82
2024-03-23,19,1,82
2024-03-23,20,2,82
2024-03-23,21,2,82
2024-03-23,22,2,82
2024-03-23,23,2,82
2024-03-24,0,2,83
2024-03-24,1,3,83
2024-03-24,2,3,83
2024-03-24,3,3,83
2024-03-24,4,3,83
2024-03-24,5,3,83
2024-03-24,6,3,83
2024-03-24,7,3,83
2024-03-24,8,3,83
2024-03-24,9,1,83
2024-03-24,10,1,83
2024-03-24,11,1,83
2024-03-24,12,1,83
2024-03-24,13,1,83
2024-03-24,14,1,83
2024-03-24,15,1,83
2024-03-24,16,1,83
2024-03-24,17,1,83
2024-03-24,18,1,83
2024-03-24,19,1,83
2024-03-24,20,2,83
2024-03-24,21,2,83
2024-03-24,22,2,83
2024-03-24,23,2,83
2024-03-25,0,2,84
2024-03-25,1,3,84
2024-03-25,2,3,84
2024-03-25,3,3,84
2024-03-25,4,3,84
2024-03-25,5,3,84
2024-03-25,6,3,84
2024-03-25,7,3,84
2024-03-25,8,3,84
2024-03-25,9,1,84
2024-03-25,10,1,84
2024-03-25,11,1,84
2024-03-25,12,1,84
2024-03-25,13,1,84
2024-03-25,14,1,84
2024-03-25,15,1,84
2024-03-25,16,1,84
2024-03-25,17,1,84
2024-03-25,18,1,84
2024-03-25,19,1,84
2024-03-25,20,2,84
2024-03-25,21,2,84
2024-03-25,22,2,84
2024-03-25,23,2,84
2024-03-26,0,2,85
2024-03-26,1,3,85
2024-03-26,2,3,85
2024-03-26,3,3,85
2024-03-26,4,3,85
2024-03-26,5,3,85
2024-03-26,6,3,85
2024-03-26,7,3,85
2024-03-26,8,3,85
2024-03-26,9,1,85
2024-03-26,10,1,85
2024-03-26,11,1,85
2024-03-26,12,1,85
2024-03-26,13,1,85
2024-03-26,14,1,85
2024-03-26,15,1,85
2024-03-26,16,1,85
2024-03-26,17,1,85
2024-03-26,18,1,85
2024-03-26,19,1,85
2024-03-26,20,2,85
2024-03-26,21,2,85
2024-03-26,22,2,85
2024-03-26,23,2,85
2024-03-27,0,2,86
2024-03-27,1,3,86
2024-03-27,2,3,86
2024-03-27,3,3,86
2024-03-27,4,3,86
2024-03-27,5,3,86
2024-03-27,6,3,86
2024-03-27,7,3,86
2024-03-27,8,3,86
2024-03-27,9,1,86
2024-03-27,10,1,86
2024-03-27,11,1,86
2024-03-27,12,1,86
2024-03-27,13,1,86
2024-03-27,14,1,86
2024-03-27,15,1,86
2024-03-27,16,1,86
2024-03-27,17,1,86
2024-03-27,18,1,86
2024-03-27,19,1,86
2024-03-27,20,2,86
2024-03-27,21,2,86
2024-03-27,22,2,86
2024-03-27,23,2,86
2024-03-28,0,2,87
2024-03-28,1,3,87
2024-03-28,2,3,87
2024-03-28,3,3,87
2024-03-28,4,3,87
2024-03-28,5,3,87
2024-03-28,6,3,87
2024-03-28,7,3,87
2024-03-28,8,3,87
2024-03-28,9,1,87
2024-03-28,10,1,87
2024-03-28,11,1,87
2024-03-28,12,1,87
2024-03-28,13,1,87
2024-03-28,14,1,87
2024-03-28,15,1,87
2024-03-28,16,1,87
2024-03-28,17,1,87
2024-03-28,18,1,87
2024-03-28,19,1,87
2024-03-28,20,2,87
2024-03-28,21,2,87
2024-03-28,22,2,87
2024-03-28,23,2,87
2024-03-29,0,2,88
2024-03-29,1,3,88
2024-03-29,2,3,88
2024-03-29,3,3,88
2024-03-29,4,3,88
2024-03-29,5,3,88
2024-03-29,6,3,88
2024-03-29,7,3,88
2024-03-29,8,3,88
2024-03-29,9,1,88
2024-03-29,10,1,88
2024-03-29,11,1,88
2024-03-29,12,1,88
2024-03-29,13,1,88
2024-03-29,14,1,88
2024-03-29,15,1,88
2024-03-29,16,1,88
2024-03-29,17,1,88
2024-03-29,18,1,88
2024-03-29,19,1,88
2024-03-29,20,2,88
2024-03-29,21,2,88
2024-03-29,22,2,88
2024-03-29,23,2,88
2024-03-30,0,2,89
2024-03-30,1,3,89
2024-03-30,2,3,89
2024-03-30,3,3,89
2024-03-30,4,3,89
2024-03-30,5,3,89
2024-03-30,6,3,89
2024-03-30,7,3,89
2024-03-30,8,3,89
2024-03-30,9,1,89
2024-03-30,10,1,89
2024-03-30,11,1,89
2024-03-30,12,1,89
2024-03-30,13,1,89
2024-03-30,14,1,89
2024-03-30,15,1,89
2024-03-30,16,1,89
2024-03-30,17,1,89
2024-03-30,18,1,89
2024-03-30,19,1,89
2024-03-30,20,2,89
2024-03-30,21,2,89
2024-03-30,22,2,89
2024-03-30,23,2,89
